[TOC]

# 1、视图概述

- 视图是一种虚拟表，它是用来查看或修改一张表或者多张表的结构
- 通过视图看到的数据是存放在基本表里的数据，视图的信息来自一张表或者多张表
- 视图可以定义经常使用查询，以后再查询可以简化操作

# 2、创建视图

- 视图的创建给予SELECT语句和已存在的数据表，视图可以建立在一张表或者多张表上
- 创建视图要求由`CREATE VIEW`权限以及一些特定列的`SELECT`权限等等

```mysql
CREATE [OR REPLACE] [ALGORITHM = UNDEFINED|MERGE|TEMPTABLE]
VIEW <视图名> [字段名]
AS <SELECT语句>
[WITH [CASCADED|LOCAL] CHECK OPTION];
```

- `OR REPLACE `：表示替换已创建的视图
- `ALGORITHM`：表示视图选择的算法
  - `UNDEFINED`：MySQL自动选择算法
  - `MERGE`：将使用的视图语句与视图定义合并起来
  - `TEMPTABLE`：将视图的结构存入临时表里，使用临时表来执行语句
- `WITH`语句：表示视图在更新时保证在视图的权限范围内
  - `CASCADED`：默认值，表示视图在更新时，要满足所有相关视图和表的条件
  - `LOCAL`：表示更新视图时满足该视图本身定义的条件即可
- 视图是属于数据库的，在指定数据库创建视图时，视图名应为db_name.view_name

```mysql
mysql> CREATE VIEW user_basic_info(id, name, gender)
    -> AS SELECT emp_no, CONCAT_WS('·', first_name, last_name), gender FROM employees
    -> ORDER BY emp_no
    -> LIMIT 15;													# 在单表上创建视图
Query OK, 0 rows affected (0.05 sec)

mysql> SELECT * FROM user_basic_info;			# 使用视图（和表的使用方法一样）
+-------+---------------------+--------+
| id    | name                | gender |
+-------+---------------------+--------+
| 10001 | Georgi·Facello      | M      |
| 10002 | Bezalel·Simmel      | F      |
| 10003 | Parto·Bamford       | M      |
| 10004 | Chirstian·Koblick   | M      |
| 10005 | Kyoichi·Maliniak    | M      |
| 10006 | Anneke·Preusig      | F      |
| 10007 | Tzvetan·Zielinski   | F      |
| 10008 | Saniya·Kalloufi     | M      |
| 10009 | Sumant·Peac         | F      |
| 10010 | Duangkaew·Piveteau  | F      |
| 10011 | Mary·Sluis          | F      |
| 10012 | Patricio·Bridgland  | M      |
| 10013 | Eberhardt·Terkki    | M      |
| 10014 | Berni·Genin         | M      |
| 10015 | Guoxiang·Nooteboom  | M      |
+-------+---------------------+--------+
15 rows in set (0.01 sec)
```

- 注意：在使用视图时貌似不能排序（至少5.7版本如此），想要排序就在创建视图时排序

```mysql
mysql> CREATE VIEW user_salary(id, name, salary)
    -> AS SELECT employees.emp_no, CONCAT_WS('·', first_name, last_name), salary
    -> FROM employees, salaries;						# 在双表上创建视图
Query OK, 0 rows affected (0.03 sec)

mysql> SELECT * FROM user_salary LIMIT 15;
+-------+---------------------+--------+
| id    | name                | salary |
+-------+---------------------+--------+
| 10001 | Georgi·Facello      |  60117 |
| 10002 | Bezalel·Simmel      |  60117 |
| 10003 | Parto·Bamford       |  60117 |
| 10004 | Chirstian·Koblick   |  60117 |
| 10005 | Kyoichi·Maliniak    |  60117 |
| 10006 | Anneke·Preusig      |  60117 |
| 10007 | Tzvetan·Zielinski   |  60117 |
| 10008 | Saniya·Kalloufi     |  60117 |
| 10009 | Sumant·Peac         |  60117 |
| 10010 | Duangkaew·Piveteau  |  60117 |
| 10011 | Mary·Sluis          |  60117 |
| 10012 | Patricio·Bridgland  |  60117 |
| 10013 | Eberhardt·Terkki    |  60117 |
| 10014 | Berni·Genin         |  60117 |
| 10015 | Guoxiang·Nooteboom  |  60117 |
+-------+---------------------+--------+
15 rows in set (0.01 sec)
```

# 3、查看已创建视图

- 使用SHOW CREATE VIEW语句

```mysql
SHOW CREATE VIEW <视图名>;
```

```mysql
mysql> SHOW CREATE VIEW user_salary\G;
*************************** 1. row ***************************
                View: user_salary
         Create View: CREATE ALGORITHM=UNDEFINED DEFINER=`root`@`localhost` SQL SECURITY DEFINER VIEW `user_salary` AS select `employees`.`emp_no` AS `id`,concat_ws('·',`employees`.`first_name`,`employees`.`last_name`) AS `name`,`salaries`.`salary` AS `salary` from (`employees` join `salaries`)
character_set_client: utf8
collation_connection: utf8_general_ci
1 row in set (0.01 sec)
```

- 使用DESCRIBE语句查询，可简写为DESC

```mysql
DESC[RIBE] <视图名>;
```

```mysql
mysql> DESC user_basic_info;
+--------+---------------+------+-----+---------+-------+
| Field  | Type          | Null | Key | Default | Extra |
+--------+---------------+------+-----+---------+-------+
| id     | int(11)       | NO   |     | NULL    |       |
| name   | varchar(31)   | YES  |     | NULL    |       |
| gender | enum('M','F') | NO   |     | NULL    |       |
+--------+---------------+------+-----+---------+-------+
3 rows in set (0.02 sec)
```

- 使用SHOW TABLE STATUS查看

```mysql
SHOW TABLE STATUS [LIKE "匹配表达式"];
```

```mysql
mysql> SHOW TABLE STATUS LIKE "user%"\G;
*************************** 1. row ***************************
           Name: user_basic_info
         Engine: NULL
        Version: NULL
     Row_format: NULL
           Rows: NULL
 Avg_row_length: NULL
    Data_length: NULL
Max_data_length: NULL
   Index_length: NULL
      Data_free: NULL
 Auto_increment: NULL
    Create_time: NULL
    Update_time: NULL
     Check_time: NULL
      Collation: NULL
       Checksum: NULL
 Create_options: NULL
        Comment: VIEW
*************************** 2. row ***************************
           Name: user_salary
         Engine: NULL
        Version: NULL
     Row_format: NULL
           Rows: NULL
 Avg_row_length: NULL
    Data_length: NULL
Max_data_length: NULL
   Index_length: NULL
      Data_free: NULL
 Auto_increment: NULL
    Create_time: NULL
    Update_time: NULL
     Check_time: NULL
      Collation: NULL
       Checksum: NULL
 Create_options: NULL
        Comment: VIEW
2 rows in set (0.01 sec)
```

- 在information_schema数据下的views表中查询

# 4、修改视图

## （1）使用CREATE VIEW语句

- 语法同创建视图，要加上OR REPLACE，当视图存在时修改原视图，不存在时创建新视图

```mysql
CREATE OR REPLACE [ALGORITHM = UNDEFINED|MERGE|TEMPTABLE]
VIEW <视图名> [字段名]
AS <SELECT语句>
[WITH [CASCADED|LOCAL] CHECK OPTION];
```

## （2）使用ALTER语句

```mysql
ALTER [ALGORITHM = UNDEFINED|MERGE|TEMPTABLE]
VIEW <视图名> [字段名]
AS <SELECT语句>
[WITH [CASCADED|LOCAL] CHECK OPTION];
```

# 5、更新视图

- 视图时虚拟表，其中并没有数据，所以更新视图实际是更新视图所对应的基本表的数据
- 更新视图有三个操作：UPDATE、INSERT、DELETE，这三个视图操作同基本表的操作一样
- 以下情况视图不可更新
  - 视图中的字段不包含基本表的所有非空列
  - 在定义视图的SELECT语句后的字段列表中使用了数学表达式
  - 在定义视图的SELECT语句后的字段列表中使用了聚合函数
  - 在定义视图的SELECT语句后的字段列表中使用了DISTINCT、UNION、TOP、DROUP BY、HAVING语句

# 6、删除视图

```mysql
DROP VIEW [IF EXISTS] <视图名>;
```

# 7、视图和表的区别

- 视图是已经编译好的SQl语句，是基于SQL语句的结果集的可视化的表
- 表是内容，视图是窗口，即查看表的一种方法
- 表占用物理存储空间，而视图只是一种逻辑概念，不占空间